1,0.0
2,0.0036986846569061066
3,0.0036986846569061066
4,0.0036986846569061066
5,0.0036986846569061066
6,0.0036986846569061066
7,0.0036986846569061066
8,0.0036986846569061066
9,0.0036986846569061066
10,0.003810755158525624
11,0.005409254453798598
12,0.005409254453798598
13,0.005409254453798598
14,0.005409254453798598
15,0.007502237979219446
16,0.011426832199040981
17,0.012644436640220757
18,0.012644436640220757
19,0.029571639695755946
20,0.056342755876988435
21,0.061520228020576745
22,0.061520228020576745
23,0.061520228020576745
24,0.061520228020576745
25,0.1779251189039254
26,0.1779251189039254
27,0.3546257879673614
28,0.3546257879673614
29,0.3546257879673614
30,0.3546257879673614
31,0.3546257879673614
32,0.3546257879673614
33,0.3546257879673614
34,0.3546257879673614
35,0.3546257879673614
36,0.3546257879673614
37,0.3546257879673614
38,0.3546257879673614
39,0.3546257879673614
40,0.3546257879673614
41,0.3546257879673614
42,0.3546257879673614
43,0.3546257879673614
44,0.3546257879673614
45,0.3546257879673614
46,0.3546257879673614
47,0.3546257879673614
48,0.3546257879673614
49,0.3546257879673614
50,0.3546257879673614
51,0.3546257879673614
52,0.3546257879673614
53,0.3546257879673614
54,0.3546257879673614
55,0.3546257879673614
56,0.3546257879673614
57,0.3546257879673614
58,0.3546257879673614
59,0.3546257879673614
60,0.3546257879673614
61,0.3546257879673614
62,0.3546257879673614
63,0.3546257879673614
64,0.3546257879673614
65,0.3546257879673614
66,0.3546257879673614
67,0.3546257879673614
68,0.3546257879673614
69,0.3546257879673614
70,0.3546257879673614
71,0.3546257879673614
72,0.3546257879673614
73,0.35535712873126196
74,0.35535712873126196
75,0.620727671396283
76,0.9184162040310024
77,0.9571501434897492
78,1.1517364353541646
79,1.1759367997013885
80,1.2296890959365179
81,1.611469841748782
82,1.6273873355875383
83,1.6273873355875383
84,1.6273873355875383
85,1.6273873355875383
86,1.6273873355875383
87,1.6273873355875383
88,1.650089019892643
89,1.650089019892643
90,1.6591339124442537
91,1.8446227866748026
92,1.8446227866748026
93,1.8446227866748026
94,1.8446227866748026
95,1.8446227866748026
96,2.015147424119098
97,2.015147424119098
98,2.015147424119098
99,2.061162076552327
100,2.071833126734821
101,2.151373436572527
102,2.151373436572527
103,2.1656737429974355
104,2.186902081418375
105,2.25182798361845
106,2.4461497064298183
107,2.4461497064298183
108,2.4690259489334645
109,2.4690259489334645
110,2.4690259489334645
111,2.4690259489334645
112,2.500882326390514
113,2.5167031066029906
114,2.5167031066029906
115,2.5167031066029906
116,2.5167031066029906
117,2.5167031066029906
118,2.5167031066029906
119,2.5423353437919745
120,2.5487115153983755
121,2.5487115153983755
122,2.5487115153983755
123,2.591289453588098
124,2.6382671371468533
125,2.6830835622870617
126,2.7114968309585343
127,2.7659548201281834
128,2.7898398829098734
129,2.7898398829098734
130,2.7898398829098734
131,2.7898398829098734
132,2.850174945812093
133,2.9449597517969464
134,2.955631165813178
135,2.997300484607145
136,3.096994599225135
137,3.096994599225135
138,3.1619996623834337
139,3.323547265394685
140,3.4812850699925817
141,3.496024143422737
142,3.496024143422737
143,3.496024143422737
144,3.496507193937052
145,3.502135696007201
146,3.5136369874356985
147,3.5136369874356985
148,3.5136369874356985
149,3.5136369874356985
150,3.5136369874356985
151,3.5136369874356985
152,3.5136369874356985
153,3.525603100014777
154,3.537250308527096
155,3.6495315167448092
156,3.6536829542241263
157,3.6536829542241263
158,3.6562111053106516
159,3.691545987466979
160,3.7392921535397337
161,3.834852423711354
162,3.834852423711354
163,3.834852423711354
164,3.834852423711354
165,3.834852423711354
166,3.8537586787534384
167,3.9259726802352963
168,3.9260232217032747
169,3.9430753822408215
170,3.944865442328587
171,3.944865442328587
172,3.944865442328587
173,3.944865442328587
174,3.944865442328587
175,4.148323225841134
176,4.148323225841134
177,4.159011397612826
178,4.1737489576508615
179,4.1737489576508615
180,4.283206681263485
181,4.414788370378766
182,4.42658932293485
183,4.460972516317901
184,4.460972516317901
185,4.460972516317901
186,4.536729203597168
187,4.549552410973046
188,4.549552410973046
189,4.549552410973046
190,4.584907332580224
191,4.685963051828754
192,4.724279986230917
193,4.813480920499056
194,4.818924444450874
195,4.874623183172172
196,4.874623183172172
197,4.881458422273335
198,4.881458422273335
199,4.881458422273335
200,4.881458422273335
201,4.881458422273335
202,4.881458422273335
203,4.881458422273335
204,4.881458422273335
205,4.881458422273335
206,4.881458422273335
207,4.881458422273335
208,4.881458422273335
209,4.881458422273335
210,4.881458422273335
211,4.881458422273335
212,4.881458422273335
213,4.881458422273335
214,4.882592665173423
215,4.9014618212717895
216,4.908615011708285
217,4.916260964200753
218,4.919356078331234
219,4.919356078331234
220,4.919356078331234
221,4.919356078331234
222,4.919356078331234
223,4.981092525721712
224,5.009603058721933
225,5.036194277586367
226,5.0559398969805756
227,5.138369288956112
228,5.142789298429365
229,5.1545210117705755
230,5.1545210117705755
231,5.1545210117705755
232,5.1545210117705755
233,5.246506902403209
234,5.246506902403209
235,5.246506902403209
236,5.246506902403209
237,5.246506902403209
238,5.260161579936327
239,5.275718049626582
240,5.325506513072775
241,5.325506513072775
242,5.4319811592646605
243,5.4319811592646605
244,5.482398648977348
245,5.482398648977348
246,5.482398648977348
247,5.482398648977348
248,5.482398648977348
249,5.482398648977348
250,5.482398648977348
251,5.48507591677861
252,5.48507591677861
253,5.48507591677861
254,5.5843332770520595
255,5.588911801686824
256,5.589981310367923
257,5.589981310367923
258,5.589981310367923
259,5.589981310367923
260,5.589981310367923
261,5.62102073572328
262,5.62102073572328
263,5.62102073572328
264,5.62102073572328
265,5.62102073572328
266,5.62102073572328
267,5.62102073572328
268,5.635128040678387
269,5.673157684490738
270,5.800919386163556
271,5.800919386163556
272,5.800919386163556
273,5.85196042046161
274,5.85196042046161
275,5.915843963623514
276,5.918211558040465
277,5.9411848901318365
278,5.942078948190534
279,5.955236253084445
280,5.961375280464415
281,5.961375280464415
282,5.961375280464415
283,6.026992503723798
284,6.02705163752549
285,6.027814802601262
286,6.050153848611361
287,6.078360598967042
288,6.108214146497507
289,6.1634882359652305
290,6.193480780850129
291,6.193480780850129
292,6.230369214896231
293,6.242793622519569
294,6.401858526438522
295,6.430991490591886
296,6.4343284501858315
297,6.4343284501858315
298,6.453452242286851
299,6.463623483258988
300,6.473824432130824
301,6.473824432130824
302,6.473824432130824
303,6.473824432130824
304,6.552187286060128
305,6.552187286060128
306,6.552187286060128
307,6.56714125640814
308,6.598543032632025
309,6.610811088060894
310,6.617461411944292
311,6.617461411944292
312,6.64212471814144
313,6.718696452913686
314,6.7330419446024985
315,6.7330419446024985
316,6.7330419446024985
317,6.7330419446024985
318,6.7330419446024985
319,6.7330419446024985
320,6.7330419446024985
321,6.7330419446024985
322,6.7330419446024985
323,6.7330419446024985
324,6.7330419446024985
325,6.7330419446024985
326,6.7330419446024985
327,6.740833940442728
328,6.740833940442728
329,6.78045372937514
330,6.787587269404377
331,6.787587269404377
332,6.821495152806681
333,6.845939670716063
334,6.880900527244324
335,6.930422264102064
336,6.981516537207146
337,7.041433443338383
338,7.043787561723882
339,7.043787561723882
340,7.064532505213045
341,7.064532505213045
342,7.064532505213045
343,7.064532505213045
344,7.064532505213045
345,7.064532505213045
346,7.1061242666829685
347,7.109085928620276
348,7.118379068919591
349,7.139994445356937
350,7.1920533695604245
351,7.201042584039009
352,7.201042584039009
353,7.2029524503105025
354,7.2029524503105025
355,7.2029524503105025
356,7.2140345368922825
357,7.22139262624687
358,7.294846315288048
359,7.301225244308937
360,7.313756413780852
361,7.32635929924334
362,7.3518213993601815
363,7.435459328538387
364,7.435459328538387
365,7.435459328538387
366,7.435459328538387
367,7.443207934046962
368,7.4694095356599375
369,7.4694095356599375
370,7.48266977974215
371,7.55546742966048
372,7.592116819758648
373,7.606960743737595
374,7.6109120910414845
375,7.6109120910414845
376,7.624410895541909
377,7.624410895541909
378,7.655672818472779
379,7.664953746317803
380,7.664953746317803
381,7.664953746317803
382,7.6872840956599555
383,7.704256346228306
384,7.714772713234882
385,7.77104412241256
386,7.78330096088021
387,7.79313584221864
388,7.819860421923045
389,7.819860421923045
390,7.819860421923045
391,7.819860421923045
392,7.819860421923045
393,7.819860421923045
394,7.819860421923045
395,7.967940778175518
396,7.967940778175518
397,8.031900375873267
398,8.08767054653707
399,8.088617485896556
400,8.096749534060985
401,8.112952781422962
402,8.19645649185261
403,8.19645649185261
404,8.19645649185261
405,8.19645649185261
406,8.19645649185261
407,8.19645649185261
408,8.19645649185261
409,8.19645649185261
410,8.19645649185261
411,8.218583717688407
412,8.218583717688407
413,8.218583717688407
414,8.221613893013874
415,8.262400702127382
416,8.386241197685475
417,8.428348989041604
418,8.428348989041604
419,8.428348989041604
420,8.428348989041604
421,8.530521213621347
422,8.551701497260442
423,8.558965900692426
424,8.606189176424262
425,8.63881484629474
426,8.685238369290568
427,8.685238369290568
428,8.740891819052079
429,8.789224369680795
430,8.789224369680795
431,8.789224369680795
432,8.789224369680795
433,8.796566657397001
434,8.80966726411991
435,8.845978585522483
436,8.957282296745674
437,8.957282296745674
438,8.994784969228078
439,9.020578234269871
440,9.020578234269871
441,9.020578234269871
442,9.020578234269871
443,9.037889073572154
444,9.037889073572154
445,9.037889073572154
446,9.061182232548218
447,9.061182232548218
448,9.09008505950998
449,9.117829176461319
450,9.117829176461319
451,9.149917135735002
452,9.149917135735002
453,9.151878353434002
454,9.153018508622212
455,9.21033561453763
456,9.22160694336923
457,9.235299547558014
458,9.235299547558014
459,9.235299547558014
460,9.24373612912798
461,9.24373612912798
462,9.24373612912798
463,9.24373612912798
464,9.28292728290622
465,9.297075744344923
466,9.35456912866875
467,9.35456912866875
468,9.35456912866875
469,9.374077437685738
470,9.374077437685738
471,9.380307088606605
472,9.380307088606605
473,9.380307088606605
474,9.380307088606605
475,9.380307088606605
476,9.380307088606605
477,9.380307088606605
478,9.380307088606605
479,9.380307088606605
480,9.380307088606605
481,9.380307088606605
482,9.421075063417087
483,9.421075063417087
484,9.461429806381174
485,9.622851677034626
486,9.66663929239613
487,9.667728524928842
488,9.77320926787676
489,9.77320926787676
490,9.77320926787676
491,9.77320926787676
492,9.890495460582045
493,9.890495460582045
494,9.890495460582045
495,9.890495460582045
496,9.995364815661693
497,9.995364815661693
498,9.995364815661693
499,9.995364815661693
500,10.03547133301898
501,10.041526916532666
502,10.058053952935984
503,10.079142632664999
504,10.079142632664999
505,10.079142632664999
506,10.079142632664999
507,10.079142632664999
508,10.173747938786693
509,10.215294243040944
510,10.22080700852508
511,10.235777187915394
512,10.235777187915394
513,10.235777187915394
514,10.235777187915394
515,10.235777187915394
516,10.235777187915394
517,10.235777187915394
518,10.235777187915394
519,10.235777187915394
520,10.235777187915394
521,10.235777187915394
522,10.235777187915394
523,10.235777187915394
524,10.235777187915394
525,10.235777187915394
526,10.235777187915394
527,10.235777187915394
528,10.235777187915394
529,10.275580864716494
530,10.37106646800888
531,10.37106646800888
532,10.37106646800888
533,10.37106646800888
534,10.484621970962088
535,10.567675241968592
536,10.567675241968592
537,10.567675241968592
538,10.567675241968592
539,10.57371324156074
540,10.61021364072749
541,10.61021364072749
542,10.610809030512705
543,10.770199110090594
544,10.778246862593315
545,10.88305526767496
546,10.89049295443148
547,10.89049295443148
548,10.96212712339818
549,10.999528241597682
550,10.999528241597682
551,11.093844227528347
552,11.093844227528347
553,11.116206644901533
554,11.129796538013265
555,11.193285790197283
556,11.208068266699074
557,11.252043235589072
558,11.252043235589072
559,11.389976319244594
560,11.400900659543328
561,11.42563109501337
562,11.42563109501337
563,11.42563109501337
564,11.425982444560276
565,11.477694386880605
566,11.48167170851545
567,11.574700443672965
568,11.59127714097076
569,11.615833928641006
570,11.615833928641006
571,11.664018599604518
572,11.667028818036375
573,11.667028818036375
574,11.667028818036375
575,11.794619965989785
576,11.889568697387636
577,11.891927920657878
578,11.894735408908039
579,11.940459229888438
580,11.940459229888438
581,11.940459229888438
582,11.940459229888438
583,11.979858662421165
584,12.143019320627817
585,12.174685749913113
586,12.174685749913113
587,12.233180135147348
588,12.244423721069543
589,12.2891465903077
590,12.2891465903077
591,12.2891465903077
592,12.2891465903077
593,12.38612331141908
594,12.38612331141908
595,12.38612331141908
596,12.38612331141908
597,12.38612331141908
598,12.38612331141908
599,12.38612331141908
600,12.38612331141908
601,12.38612331141908
602,12.401156554203581
603,12.417333709205279
604,12.421653009683077
605,12.421653009683077
606,12.53078593199328
607,12.763665059194983
608,12.769745072662273
609,12.840478251196297
610,12.840478251196297
611,12.877734566648327
612,12.877734566648327
613,12.902658646086824
614,12.926362851302612
615,12.926362851302612
616,12.926362851302612
617,12.926362851302612
618,12.983979504291375
619,13.1692408022745
620,13.1692408022745
621,13.190338518548609
622,13.190338518548609
623,13.190338518548609
624,13.190338518548609
625,13.19201013930742
626,13.29771630677281
627,13.29771630677281
628,13.29771630677281
629,13.29771630677281
630,13.29771630677281
631,13.29771630677281
632,13.29771630677281
633,13.29771630677281
634,13.29771630677281
635,13.29771630677281
636,13.29771630677281
637,13.29771630677281
638,13.29771630677281
639,13.350489731088532
640,13.511014879273215
641,13.598375507603036
642,13.598375507603036
643,13.598375507603036
644,13.598375507603036
645,13.598375507603036
646,13.771921969226504
647,13.771921969226504
648,13.771921969226504
649,13.773814461840793
650,13.773814461840793
651,13.912283877741714
652,13.955979556465902
653,13.983141715986035
654,14.004660101743163
655,14.152319187576875
656,14.304444223170776
657,14.304444223170776
658,14.304444223170776
659,14.304444223170776
660,14.304444223170776
661,14.304444223170776
662,14.304444223170776
663,14.304444223170776
664,14.304444223170776
665,14.304444223170776
666,14.304444223170776
667,14.304444223170776
668,14.304444223170776
669,14.304444223170776
670,14.304444223170776
671,14.304444223170776
672,14.304444223170776
673,14.304444223170776
674,14.304444223170776
675,14.304444223170776
676,14.304444223170776
677,14.304444223170776
678,14.304444223170776
679,14.304444223170776
680,14.304444223170776
681,14.304444223170776
682,14.304444223170776
683,14.304444223170776
684,14.304444223170776
685,14.304444223170776
686,14.304444223170776
687,14.304444223170776
688,14.304444223170776
689,14.304444223170776
690,14.304444223170776
691,14.304444223170776
692,14.304444223170776
693,14.304444223170776
694,14.304444223170776
695,14.304444223170776
696,14.304444223170776
697,14.304444223170776
698,14.304444223170776
699,14.304444223170776
700,14.304444223170776
701,14.304444223170776
702,14.304444223170776
703,14.304444223170776
704,14.304444223170776
705,14.304444223170776
706,14.304444223170776
707,14.304444223170776
708,14.304444223170776
709,14.304444223170776
710,14.304444223170776
711,14.304444223170776
712,14.304444223170776
713,14.304444223170776
714,14.304444223170776
715,14.304444223170776
716,14.304444223170776
717,14.304444223170776
718,14.304444223170776
719,14.304444223170776
720,14.304444223170776
721,14.304444223170776
722,14.304444223170776
723,14.304444223170776
724,14.304444223170776
725,14.304444223170776
726,14.304444223170776
727,14.304444223170776
728,14.304444223170776
729,14.304444223170776
730,14.304444223170776
731,14.304444223170776
732,14.304444223170776
733,14.304444223170776
734,14.304444223170776
735,14.304444223170776
736,14.304444223170776
737,14.304444223170776
738,14.304444223170776
739,14.304444223170776
740,14.304444223170776
741,14.304444223170776
742,14.304444223170776
743,14.304444223170776
744,14.304444223170776
745,14.304444223170776
746,14.304444223170776
747,14.304444223170776
748,14.304444223170776
749,14.304444223170776
750,14.304444223170776
751,14.304444223170776
752,14.304444223170776
753,14.304444223170776
754,14.304444223170776
755,14.304444223170776
756,14.304444223170776
757,14.304444223170776
758,14.304444223170776
759,14.304444223170776
760,14.304444223170776
761,14.304444223170776
762,14.304444223170776
763,14.304444223170776
764,14.304444223170776
765,14.304444223170776
766,14.304444223170776
767,14.304444223170776
768,14.304444223170776
769,14.304444223170776
770,14.304444223170776
771,14.304444223170776
772,14.304444223170776
773,14.304444223170776
774,14.304444223170776
775,14.304444223170776
776,14.304444223170776
777,14.304444223170776
778,14.304444223170776
779,14.304444223170776
780,14.304444223170776
781,14.304444223170776
782,14.304444223170776
783,14.304444223170776
784,14.304444223170776
785,14.304444223170776
786,14.304444223170776
787,14.304444223170776
788,14.304444223170776
789,14.304444223170776
790,14.304444223170776
791,14.304444223170776
792,14.304444223170776
793,14.304444223170776
794,14.304444223170776
795,14.304444223170776
796,14.304444223170776
797,14.304444223170776
798,14.304444223170776
799,14.304444223170776
800,14.304444223170776
801,14.304444223170776
802,14.304444223170776
803,14.304444223170776
804,14.304444223170776
805,14.304444223170776
806,14.304444223170776
807,14.304444223170776
808,14.304444223170776
809,14.304444223170776
810,14.304444223170776
811,14.304444223170776
812,14.304444223170776
813,14.304444223170776
814,14.304444223170776
815,14.304444223170776
816,14.304444223170776
817,14.304444223170776
818,14.304444223170776
819,14.304444223170776
820,14.304444223170776
821,14.304444223170776
822,14.304444223170776
823,14.304444223170776
824,14.304444223170776
825,14.304444223170776
826,14.304444223170776
827,14.304444223170776
828,14.304444223170776
829,14.304444223170776
830,14.304444223170776
831,14.304444223170776
832,14.304444223170776
833,14.304444223170776
834,14.304444223170776
835,14.304444223170776
836,14.304444223170776
837,14.304444223170776
838,14.304444223170776
839,14.304444223170776
840,14.304444223170776
841,14.304444223170776
842,14.304444223170776
843,14.304444223170776
844,14.304444223170776
845,14.304444223170776
846,14.304444223170776
847,14.304444223170776
848,14.304444223170776
849,14.304444223170776
850,14.304444223170776
851,14.304444223170776
852,14.304444223170776
853,14.304444223170776
854,14.304444223170776
855,14.304444223170776
856,14.304444223170776
857,14.304444223170776
858,14.304444223170776
859,14.304444223170776
860,14.304444223170776
861,14.304444223170776
862,14.304444223170776
863,14.304444223170776
864,14.304444223170776
865,14.304444223170776
866,14.304444223170776
867,14.304444223170776
868,14.304444223170776
869,14.304444223170776
870,14.304444223170776
871,14.304444223170776
872,14.304444223170776
873,14.304444223170776
874,14.304444223170776
875,14.304444223170776
876,14.304444223170776
877,14.304444223170776
878,14.304444223170776
879,14.304444223170776
880,14.304444223170776
881,14.304444223170776
882,14.304444223170776
883,14.304444223170776
884,14.304444223170776
885,14.304444223170776
886,14.304444223170776
887,14.304444223170776
888,14.304444223170776
889,14.304444223170776
890,14.304444223170776
891,14.304444223170776
892,14.304444223170776
893,14.304444223170776
894,14.304444223170776
895,14.304444223170776
896,14.304444223170776
897,14.304444223170776
898,14.304444223170776
899,14.304444223170776
900,14.304444223170776
901,14.304444223170776
902,14.304444223170776
903,14.304444223170776
904,14.304444223170776
905,14.304444223170776
906,14.304444223170776
907,14.304444223170776
908,14.304444223170776
909,14.304444223170776
910,14.304444223170776
911,14.304444223170776
912,14.304444223170776
913,14.304444223170776
914,14.304444223170776
915,14.304444223170776
916,14.304444223170776
917,14.304444223170776
918,14.304444223170776
919,14.304444223170776
920,14.304444223170776
921,14.304444223170776
922,14.304444223170776
923,14.304444223170776
924,14.304444223170776
925,14.304444223170776
926,14.304444223170776
927,14.304444223170776
928,14.335904778901346
929,14.458705300104057
930,14.458705300104057
931,14.458705300104057
932,14.458705300104057
933,14.458705300104057
934,14.458705300104057
935,14.458705300104057
936,14.458705300104057
937,14.54876459457821
938,14.903141268854577
939,14.905945430593539
940,14.905945430593539
941,14.905945430593539
942,14.905945430593539
943,14.905945430593539
944,14.908989679699582
945,14.978863676062065
946,14.978863676062065
947,14.978863676062065
948,14.978863676062065
949,14.978863676062065
950,14.978863676062065
951,15.009633850880487
952,15.027728640049318
953,15.027728640049318
954,15.027728640049318
955,15.06380893942135
956,15.237105194946196
957,15.283974371089668
958,15.283974371089668
959,15.283974371089668
960,15.369113275575614
961,15.436434413143841
962,15.436434413143841
963,15.56809467791087
964,15.56809467791087
965,15.707429824602974
966,15.890248108880728
967,15.93970809834631
968,15.93970809834631
969,16.251553550550756
970,16.27359444558429
971,16.27359444558429
972,16.27359444558429
973,16.27359444558429
974,16.27359444558429
975,16.27359444558429
976,16.343041214838504
977,16.42638966635854
978,16.514765944371696
979,16.514765944371696
980,16.514765944371696
981,16.767813136299647
982,16.804644007668887
983,16.8386202460631
984,16.858754430195827
985,17.018305881554497
986,17.271419266402955
987,17.271419266402955
988,17.531896345139764
989,17.531896345139764
990,18.626502812062235
991,18.690418900138322
992,18.778435721600445
993,18.778435721600445
994,18.784952043795528
995,18.784952043795528
996,18.784952043795528
997,18.784952043795528
998,18.784952043795528
999,18.784952043795528
1000,18.784952043795528
1001,18.784952043795528
1002,18.784952043795528
1003,19.119312414347636
1004,19.248248025897695
1005,19.26224899591887
1006,19.445452107945343
1007,19.900859390917212
1008,20.12426530039954
1009,20.40938789986819
1010,20.87085801493091
1011,21.6196370986998
1012,21.958297123011956
1013,21.958297123011956
1014,21.958297123011956
1015,21.958297123011956
1016,21.958297123011956
1017,21.958297123011956
1018,21.958297123011956
1019,21.958297123011956
1020,22.780994664935722
1021,22.780994664935722
1022,22.780994664935722
1023,22.978624721198226
1024,23.26510826287177
1025,23.514712609885564
1026,23.68674646577954
1027,23.68674646577954
1028,23.68674646577954
1029,23.68674646577954
1030,24.5298794696867
1031,24.5298794696867
1032,24.5298794696867
1033,24.697850771100974
1034,25.41180221841676
1035,27.627004717461254
1036,30.034651347447628
1037,30.230138157854817
1038,31.98367733905625
1039,44.87476889813579
1040,44.87476889813579
1041,44.87476889813579
1042,62.66202422636983
1043,74.27281622341461
1044,89.43583201446637
1045,100.9823985242919
1046,103.16720593970305
1047,108.59438680560862
1048,108.59438680560862
1049,108.59438680560862
1050,113.81847678241411
1051,113.81847678241411
1052,128.6808193114253
1053,128.6808193114253
1054,130.6818374652405
1055,134.45998270442496
1056,137.5585062961785
1057,137.5585062961785
1058,138.61594265619223
1059,138.61594265619223
1060,138.61594265619223
1061,139.59076056623655
1062,139.59076056623655
1063,139.59076056623655
1064,140.5263901113116
1065,142.65206780078913
1066,142.65206780078913
1067,144.18752588674462
1068,144.18752588674462
1069,144.32950784541183
1070,144.32950784541183
1071,144.32950784541183
1072,144.32950784541183
1073,144.32950784541183
1074,144.32950784541183
1075,144.32950784541183
1076,144.97285331213968
1077,145.71963826002164
1078,145.71963826002164
1079,145.71963826002164
1080,145.71963826002164
1081,145.71963826002164
1082,145.71963826002164
1083,145.8856475088742
1084,145.8856475088742
1085,145.8856475088742
1086,146.83926856355188
1087,146.859354777293
1088,147.54944230389782
1089,147.54944230389782
1090,148.1949779968207
1091,148.79800144077177
1092,148.79800144077177
1093,148.79800144077177
1094,152.27731504480792
1095,156.26807871121903
1096,156.26807871121903
1097,156.26807871121903
1098,156.26807871121903
1099,157.09589835579044
1100,157.09589835579044
1101,157.09589835579044
1102,157.89124934295143
1103,157.89124934295143
1104,158.46225191971297
1105,158.46225191971297
1106,158.96826456339394
1107,177.58556087314548
1108,177.58556087314548
1109,177.58556087314548
1110,177.58556087314548
1111,194.3433347428232
1112,194.3433347428232
1113,194.3433347428232
1114,194.3433347428232
1115,195.89658069334754
1116,195.89658069334754
1117,196.06837839905802
1118,196.06837839905802
1119,196.1043594310628
1120,196.1043594310628
1121,206.60585762659434
1122,209.16780150245978
1123,212.26793840016066
1124,213.62358495560994
1125,218.9517928158349
1126,219.23561033486644
1127,225.9815331393479
1128,225.9815331393479
1129,225.9815331393479
1130,226.62685003606376
1131,226.62685003606376
1132,226.62685003606376
1133,226.62685003606376
1134,226.62685003606376
1135,226.62685003606376
1136,226.62685003606376
1137,226.62685003606376
1138,226.62685003606376
1139,226.62685003606376
1140,226.62685003606376
1141,226.62685003606376
1142,226.62685003606376
1143,226.62685003606376
1144,226.62685003606376
1145,226.62685003606376
1146,226.62685003606376
1147,226.62685003606376
1148,226.62685003606376
1149,226.62685003606376
1150,226.62685003606376
1151,226.62685003606376
1152,226.62685003606376
1153,233.2115760035913
1154,238.8716321437497
1155,246.74712877519642
1156,248.990318312216
1157,249.46850422381033
1158,249.46850422381033
1159,252.2442275268292
1160,252.3769044683691
1161,252.38812811214962
1162,252.83946924106385
1163,252.83946924106385
1164,252.83946924106385
1165,252.83946924106385
1166,252.83946924106385
1167,252.83946924106385
1168,254.340133221672
1169,255.05981738231205
1170,255.05981738231205
1171,255.05981738231205
1172,255.50687946362936
1173,255.62534212120474
1174,256.00869727759704
1175,256.068872190329
1176,256.0715251304604
1177,256.4237990580069
1178,256.4237990580069
1179,256.4237990580069
1180,256.4237990580069
1181,256.4237990580069
1182,259.5418068311784
1183,259.6679869799961
1184,260.0832812971049
1185,260.94189774826503
1186,260.94189774826503
1187,260.94189774826503
1188,260.94189774826503
1189,260.94189774826503
1190,260.94189774826503
1191,260.94189774826503
1192,260.94189774826503
1193,261.63733224997657
1194,262.8462905446956
1195,262.94693350068457
1196,262.94693350068457
1197,262.94693350068457
1198,262.94693350068457
1199,264.005949017658
1200,265.3363670493194
1201,265.3363670493194
1202,265.7453647586829
1203,267.7584935502958
1204,283.9201094233865
1205,300.36047695935224
1206,300.36047695935224
1207,300.36047695935224
1208,300.36047695935224
1209,300.36047695935224
1210,311.4868229281012
1211,311.4868229281012
1212,311.4868229281012
1213,311.6078762251251
1214,316.63273919413683
1215,316.72968710382486
1216,318.0882593554771
1217,318.13361365247147
1218,318.4673158623207
1219,319.8873546194189
1220,319.8873546194189
1221,319.8873546194189
1222,319.8873546194189
1223,319.8873546194189
1224,320.8399336553103
1225,321.9554427194647
1226,322.28452781201236
1227,323.3504548061188
1228,323.3504548061188
1229,323.676233525341
1230,323.78183289644835
1231,324.86214725094806
1232,324.86214725094806
1233,324.86214725094806
1234,325.62903964086877
1235,325.62903964086877
1236,328.02380468410183
1237,328.98197981502653
1238,328.98197981502653
1239,328.98197981502653
1240,328.98197981502653
1241,328.98197981502653
1242,328.98197981502653
1243,328.98197981502653
1244,328.98197981502653
1245,329.0928956194434
1246,334.25469894209465
1247,335.1894540776153
1248,335.1894540776153
1249,335.4526339259009
1250,335.96121470154714
1251,336.0370385763977
1252,336.0370385763977
1253,336.0370385763977
1254,336.0370385763977
1255,336.0370385763977
1256,342.4081371510586
1257,352.17114498339964
1258,362.1113043093633
1259,362.1113043093633
1260,364.51788448703746
1261,364.51788448703746
1262,364.51788448703746
1263,364.51788448703746
1264,364.51788448703746
1265,364.51788448703746
1266,364.51788448703746
1267,364.51788448703746
1268,364.51788448703746
1269,364.51788448703746
1270,364.51788448703746
1271,364.51788448703746
1272,364.51788448703746
1273,364.51788448703746
1274,364.51788448703746
1275,364.51788448703746
1276,364.51788448703746
1277,364.51788448703746
1278,364.51788448703746
1279,364.51788448703746
1280,364.51788448703746
1281,364.51788448703746
1282,369.2638600296654
1283,372.83029886296555
1284,375.7607720119168
1285,378.2401388023958
1286,383.8436474523601
1287,401.0378743213084
1288,401.0378743213084
1289,401.0378743213084
1290,401.0378743213084
1291,401.0378743213084
1292,401.0378743213084
1293,401.0378743213084
1294,401.0378743213084
1295,401.0378743213084
1296,401.97239318112895
1297,407.66814612451986
1298,410.0572294033186
1299,411.69527552809774
1300,411.7405128538265
1301,411.7405128538265
1302,411.9055145541101
1303,412.4467271298259
1304,413.46860767149104
1305,413.70243962187686
1306,413.70243962187686
1307,414.3570287987005
1308,414.37979247809204
1309,414.37979247809204
1310,414.70076440753047
1311,414.75746992297104
1312,414.75746992297104
1313,414.75746992297104
1314,414.75746992297104
1315,414.75746992297104
1316,414.75746992297104
1317,415.1103604155324
1318,415.1103604155324
1319,415.36514720590617
1320,416.129384014577
1321,416.129384014577
1322,416.2671886067468
1323,416.8231401110344
1324,417.18064281556076
1325,417.2462482920755
1326,417.9125391561476
1327,417.9242515333644
1328,418.24683991864293
1329,418.2741287770398
1330,418.6390323541215
1331,418.6390323541215
1332,418.861359108704
1333,418.89756949255326
1334,418.89756949255326
1335,418.9417244104965
1336,419.0496925470808
1337,419.46718339901935
1338,419.46718339901935
1339,419.46718339901935
1340,419.46718339901935
1341,419.46718339901935
1342,419.46718339901935
1343,419.49996470033165
1344,419.6166396237061
1345,419.6166396237061
1346,419.83130165297194
1347,419.83130165297194
1348,419.83130165297194
1349,419.83130165297194
1350,419.83130165297194
1351,419.83130165297194
1352,419.83130165297194
1353,419.8654472662498
1354,419.92240475382994
1355,419.92240475382994
1356,419.92240475382994
1357,420.6402890838238
1358,420.6402890838238
1359,420.6402890838238
1360,420.6402890838238
1361,420.6402890838238
1362,420.6402890838238
1363,420.78580945500386
1364,421.22459631312086
1365,421.2381013016542
1366,421.99355512141193
1367,422.0338634175997
1368,422.0338634175997
1369,422.0338634175997
1370,422.0338634175997
1371,422.0338634175997
1372,422.12084651600105
1373,422.2021345822002
1374,422.2021345822002
1375,422.2021345822002
1376,422.2021345822002
1377,422.2481737537332
1378,422.5518264330052
1379,422.5518264330052
1380,422.5518264330052
1381,422.7299432579119
1382,422.8531322112716
1383,423.18219052679086
1384,423.70242774533915
1385,423.70242774533915
1386,423.70242774533915
1387,424.31954018084
1388,424.4485064436305
1389,424.4485064436305
1390,424.4485064436305
1391,424.86287381717744
1392,425.2641752108661
1393,425.41803385292724
1394,425.5648218177263
1395,425.62517245960714
1396,425.62517245960714
1397,425.62738100883513
1398,426.31823721702165
1399,426.31823721702165
1400,426.31823721702165
1401,426.31823721702165
1402,426.31823721702165
1403,426.31823721702165
1404,426.31823721702165
1405,426.31823721702165
1406,426.71571021633025
1407,426.7487302801174
1408,427.07179779187743
1409,427.1010642914083
1410,427.1010642914083
1411,427.1010642914083
1412,427.1010642914083
1413,427.1010642914083
1414,427.1010642914083
1415,427.1010642914083
1416,427.1010642914083
1417,427.1010642914083
1418,427.1010642914083
1419,427.1010642914083
1420,427.1010642914083
1421,427.1010642914083
1422,427.1010642914083
1423,427.1251106191015
1424,427.3264652011189
1425,427.7201570376865
1426,427.7201570376865
1427,428.0458089963597
1428,428.3037908536444
1429,428.380472639971
1430,428.380472639971
1431,428.380472639971
1432,428.380472639971
1433,428.4004142594451
1434,428.4004142594451
1435,428.44495523663085
1436,428.76391145057687
1437,428.8458864807796
1438,428.8458864807796
1439,428.8458864807796
1440,428.8458864807796
1441,428.9199287958691
1442,428.9199287958691
1443,429.13626775236304
1444,429.4274349086767
1445,429.61999214013537
1446,429.6718643913222
1447,429.8370676025325
1448,429.8370676025325
1449,429.869438702932
1450,430.3479803554148
1451,430.3817747216073
1452,430.9638798468777
1453,431.2578586313672
1454,432.3700977094923
1455,432.3700977094923
1456,432.3700977094923
1457,439.2176417139298
1458,439.2176417139298
1459,440.49720624532966
1460,443.739046740929
1461,443.82254260998565
1462,443.9548009066709
1463,445.20829978217574
1464,455.5668835026702
1465,455.57099180401167
1466,455.57099180401167
1467,455.57099180401167
1468,457.9116435960442
1469,457.9116435960442
1470,468.3480085127156
1471,470.17101979187487
1472,475.5039341135723
1473,476.2204232469578
1474,477.27069664541216
1475,478.668743157751
1476,479.82234594549396
1477,480.2620694712358
1478,480.27884025054414
1479,480.27884025054414
1480,480.27884025054414
1481,480.2882722798007
1482,480.2882722798007
1483,480.2882722798007
1484,482.3524575984391
1485,483.1044446843361
1486,483.67290872786697
1487,483.99528743390744
1488,483.99528743390744
1489,484.16149979505605
1490,485.5247698282521
1491,485.5247698282521
1492,485.5247698282521
1493,485.5247698282521
1494,485.5247698282521
1495,485.5247698282521
1496,485.5247698282521
1497,485.5247698282521
1498,485.5247698282521
1499,486.0191715639163
1500,486.0191715639163
1501,486.0600818645855
1502,487.1529490718062
1503,487.1529490718062
1504,487.1529490718062
1505,487.1529490718062
1506,487.59631754444825
1507,487.59631754444825
1508,487.59631754444825
1509,487.59631754444825
1510,487.9355724642432
1511,487.9355724642432
1512,487.9355724642432
1513,487.9355724642432
1514,487.9355724642432
1515,487.9355724642432
1516,487.9355724642432
1517,487.9355724642432
1518,487.9355724642432
1519,487.9355724642432
1520,487.9355724642432
1521,487.9355724642432
1522,487.9355724642432
1523,487.9355724642432
1524,487.9355724642432
1525,487.9355724642432
1526,487.9355724642432
1527,487.9355724642432
1528,487.9355724642432
1529,487.9355724642432
1530,487.9355724642432
1531,487.9355724642432
1532,487.9355724642432
1533,487.9355724642432
1534,487.9355724642432
1535,487.9355724642432
1536,488.2192669158583
1537,491.50593505379504
1538,491.91121849286264
1539,492.65885724096375
1540,493.5127083558271
1541,493.5127083558271
1542,493.7115325423128
1543,493.7115325423128
1544,493.7673450657021
1545,494.2513014381697
1546,494.362894203167
1547,495.10375768438666
1548,496.2823577759103
1549,496.3170277467523
1550,496.88752579662184
1551,496.9892493274144
1552,497.2557274511021
1553,497.2557274511021
1554,498.94075183260753
1555,500.3274102640187
1556,500.3274102640187
1557,500.3274102640187
1558,500.3274102640187
1559,500.3274102640187
1560,508.6692789059964
1561,512.7710292927326
1562,512.7710292927326
1563,512.7710292927326
1564,512.7710292927326
1565,512.7710292927326
1566,518.5571154914771
1567,518.5571154914771
1568,521.974037139413
1569,521.974037139413
1570,527.1691942267221
1571,530.7094202943447
1572,539.0603430945656
1573,540.2689113727996
1574,540.2689113727996
1575,540.2689113727996
1576,547.6450526636909
1577,547.6450526636909
1578,547.6450526636909
1579,547.6450526636909
1580,547.6450526636909
1581,547.6450526636909
1582,547.6450526636909
1583,547.6450526636909
1584,547.6450526636909
1585,568.9952673480677
1586,569.3145945820294
1587,581.065440171902
1588,581.8344011467362
1589,581.8344011467362
1590,581.8344011467362
1591,584.9248287065834
1592,586.3189654759528
1593,589.0939211630963
1594,607.8946280023014
1595,607.8946280023014
1596,607.8946280023014
1597,607.8946280023014
1598,610.901183451765
1599,611.0795659412456
1600,615.1086642514116
1601,620.9431273787587
1602,620.9431273787587
1603,625.7049156528013
1604,627.2092387921009
1605,631.5814598445802
1606,633.54183064614
1607,633.54183064614
1608,656.8567677836113
1609,657.9499149235395
1610,671.2137033338311
1611,672.1452098429843
1612,677.0775122248054
1613,678.037164660869
1614,678.3216751743225
1615,679.0375040288338
1616,679.0375040288338
1617,679.0375040288338
1618,679.0375040288338
1619,679.0375040288338
1620,679.0375040288338
1621,679.0375040288338
1622,679.0375040288338
1623,683.6559180564357
1624,684.1034406081328
1625,684.4109294896126
1626,691.1948570547027
1627,691.1948570547027
1628,692.2590637506391
1629,694.2973643716156
1630,694.3935551361708
1631,694.3935551361708
1632,695.8094571692317
1633,696.0326367693489
1634,696.0509875202642
1635,696.7073957121981
1636,696.7073957121981
1637,697.6205536833049
1638,698.1571115327622
1639,698.1571115327622
1640,698.2573094157309
1641,698.2573094157309
1642,698.2573094157309
1643,698.2573094157309
1644,698.4956569173761
1645,699.7659511914906
1646,700.0383396469497
1647,700.4059204120136
1648,700.5429281272534
1649,700.5429281272534
1650,700.5429281272534
1651,700.5429281272534
1652,700.8012345363894
1653,701.109042510325
1654,701.109042510325
1655,701.109042510325
1656,701.109042510325
1657,701.4679063567597
1658,701.5865616326461
1659,701.8789056324065
1660,701.8789056324065
1661,701.8789056324065
1662,701.8789056324065
1663,701.8789056324065
1664,701.8789056324065
1665,701.8789056324065
1666,701.8789056324065
1667,701.8789056324065
1668,701.8789056324065
1669,701.8789056324065
1670,701.8789056324065
1671,701.8789056324065
1672,701.8789056324065
1673,701.8789056324065
1674,701.8789056324065
1675,701.8789056324065
1676,701.8789056324065
1677,701.8789056324065
1678,702.0115256998538
1679,702.7793099131432
1680,703.4887487529311
1681,703.4887487529311
1682,703.4887487529311
1683,703.4887487529311
1684,703.4887487529311
1685,703.4887487529311
1686,703.4887487529311
1687,703.4887487529311
1688,703.4887487529311
1689,703.4887487529311
1690,703.9180186683733
1691,704.8809785761459
1692,705.1283399305956
1693,705.132678082816
1694,705.2828533598318
1695,705.3706865836499
1696,705.3706865836499
1697,705.3706865836499
1698,705.3706865836499
1699,705.3939957054216
1700,705.3939957054216
1701,705.3939957054216
1702,705.6301274698955
1703,705.6301274698955
1704,705.7771368434767
1705,705.8218999301938
1706,705.8425449258443
1707,706.1259831813774
1708,706.227335925478
1709,706.7399871738065
1710,706.7399871738065
1711,706.7399871738065
1712,706.7419941586462
1713,706.8829534268873
1714,706.9510579133611
1715,707.4580089774171
1716,707.5118246574968
1717,707.7096202801744
1718,707.8618251358242
1719,707.8618251358242
1720,707.8791093839352
1721,707.8839053075831
1722,707.8839053075831
1723,708.5433157299136
1724,708.5433157299136
1725,708.5679627645369
1726,708.9329802082542
1727,708.9329802082542
1728,708.9329802082542
1729,708.9329802082542
1730,708.9329802082542
1731,708.9329802082542
1732,708.9329802082542
1733,708.9329802082542
1734,708.9329802082542
1735,708.9329802082542
1736,708.9329802082542
1737,708.9329802082542
1738,708.9329802082542
1739,708.9329802082542
1740,708.9329802082542
1741,708.9329802082542
1742,708.9329802082542
1743,708.9329802082542
1744,708.9329802082542
1745,708.9329802082542
1746,708.9329802082542
1747,708.9329802082542
1748,708.9329802082542
1749,708.9329802082542
1750,708.9329802082542
1751,708.9329802082542
1752,708.9329802082542
1753,708.9329802082542
1754,708.9329802082542
1755,708.9329802082542
1756,708.9329802082542
1757,708.9329802082542
1758,708.9329802082542
1759,708.9329802082542
1760,708.9329802082542
1761,708.9329802082542
1762,708.9329802082542
1763,708.9329802082542
1764,708.9329802082542
1765,708.9329802082542
1766,708.9329802082542
1767,708.9329802082542
1768,708.9329802082542
1769,708.9329802082542
1770,708.9329802082542
1771,708.9329802082542
1772,708.9329802082542
1773,708.9329802082542
1774,708.9329802082542
1775,708.9329802082542
1776,708.9329802082542
1777,708.9329802082542
1778,708.9329802082542
1779,708.9329802082542
1780,708.9329802082542
1781,708.9329802082542
1782,708.9329802082542
1783,708.9329802082542
1784,708.9329802082542
1785,708.9329802082542
1786,708.9329802082542
1787,708.9329802082542
1788,708.9329802082542
1789,708.9329802082542
1790,708.9329802082542
1791,708.9329802082542
1792,708.9329802082542
1793,708.9329802082542
1794,708.9329802082542
1795,708.9329802082542
1796,708.9329802082542
1797,708.9329802082542
1798,708.9329802082542
1799,708.9329802082542
1800,708.9329802082542
1801,708.9329802082542
1802,708.9329802082542
1803,708.9329802082542
1804,708.9329802082542
1805,708.9329802082542
1806,708.9329802082542
1807,708.9329802082542
1808,708.9329802082542
1809,708.9329802082542
1810,708.9329802082542
1811,708.9329802082542
1812,708.9329802082542
1813,708.9329802082542
1814,708.9329802082542
1815,708.9329802082542
1816,708.9329802082542
1817,708.9329802082542
1818,708.9329802082542
1819,708.9329802082542
1820,708.9329802082542
1821,708.9329802082542
1822,708.9329802082542
1823,708.9329802082542
1824,708.9329802082542
1825,708.9329802082542
1826,708.9329802082542
1827,708.9329802082542
1828,708.9329802082542
1829,708.9329802082542
1830,708.9329802082542
1831,708.9329802082542
1832,708.9329802082542
1833,708.9329802082542
1834,708.9329802082542
1835,708.9329802082542
1836,708.9329802082542
1837,708.9329802082542
1838,708.9329802082542
1839,708.9443765067285
1840,709.0027324922573
1841,709.1052914502043
1842,709.1052914502043
1843,709.1052914502043
1844,709.8362910789969
1845,709.9408408079878
1846,710.5265773519108
1847,710.9638521119307
1848,710.9638521119307
1849,711.093419889788
1850,711.131934849035
1851,711.131934849035
1852,711.3517878775584
1853,711.3888843533936
1854,711.8721838734053
1855,711.8721838734053
1856,712.0435935369584
1857,712.5859847913542
1858,712.5859847913542
1859,712.7137155286248
1860,712.7137155286248
1861,712.7137155286248
1862,712.7137155286248
1863,712.7137155286248
1864,712.7137155286248
1865,712.7137155286248
1866,712.7137155286248
1867,712.7137155286248
1868,712.7137155286248
1869,712.7137155286248
1870,712.7137155286248
1871,712.7137155286248
1872,712.7137155286248
1873,712.7137155286248
1874,712.7137155286248
1875,712.851054863243
1876,712.851054863243
1877,712.851054863243
1878,712.851054863243
1879,712.851054863243
1880,712.8802323550586
1881,713.3419638842614
1882,713.5796581160506
1883,713.5865325796645
1884,714.1264533902356
1885,714.1264533902356
1886,714.1264533902356
1887,714.2052297489148
1888,714.2052297489148
1889,714.2809484109629
1890,714.9165771685622
1891,714.9165771685622
1892,715.0127946122336
1893,715.3667141984503
1894,715.4639658168811
1895,715.4998730208811
1896,715.7775771695251
1897,715.8084805385932
1898,715.8084805385932
1899,715.8084805385932
1900,715.8084805385932
1901,716.2567826245867
1902,716.2567826245867
1903,716.2591358260364
1904,716.4305717789729
1905,716.5168307868056
1906,716.6144400239574
1907,716.6488458593587
1908,716.7796087496786
1909,716.8945810028719
1910,717.1539183868845
1911,717.6707008932553
1912,717.6842998211334
1913,717.7629964221885
1914,717.7835627011243
1915,717.7835627011243
1916,717.7835627011243
1917,717.9509480687535
1918,718.0473849289284
1919,718.1379411497546
1920,718.5347267553982
1921,718.5347267553982
1922,719.0070110537013
1923,719.028674542931
1924,719.4543543402924
1925,719.8627263160625
1926,719.8627263160625
1927,719.8627263160625
1928,719.8627263160625
1929,720.3039232012028
1930,720.4586608811411
1931,720.4586608811411
1932,720.8696973552858
1933,720.8696973552858
1934,720.8696973552858
1935,720.8696973552858
1936,720.8696973552858
1937,720.8696973552858
1938,720.8696973552858
1939,720.8696973552858
1940,720.8696973552858
1941,720.8696973552858
1942,721.0861951398542
1943,721.5236566050004
1944,722.1083187962506
1945,722.1743876416791
1946,722.2010827850186
1947,722.404550954444
1948,722.404550954444
1949,722.404550954444
1950,722.404550954444
1951,722.404550954444
1952,722.404550954444
1953,722.404550954444
1954,722.404550954444
1955,722.404550954444
1956,722.404550954444
1957,722.404550954444
1958,722.404550954444
1959,722.404550954444
1960,722.404550954444
1961,722.404550954444
1962,722.4396216176041
1963,724.3744006839753
1964,725.1322387229118
1965,725.4109598625648
1966,725.4109598625648
1967,725.444260104516
1968,725.6921876885849
1969,725.967665127793
1970,726.5055590534597
1971,728.9257872708878
1972,728.9257872708878
1973,728.9257872708878
1974,728.9257872708878
1975,729.0832735860594
1976,730.6321876357964
1977,732.5884613988716
1978,732.5884613988716
1979,733.4623325391456
1980,733.4623325391456
1981,733.4623325391456
1982,733.4623325391456
1983,733.4623325391456
1984,733.4623325391456
1985,733.4623325391456
1986,733.4623325391456
1987,733.4623325391456
1988,733.4623325391456
1989,733.4623325391456
1990,734.0956211840391
1991,766.1810195332756
1992,766.1810195332756
1993,766.1810195332756
1994,766.1810195332756
1995,766.1810195332756
1996,766.1810195332756
1997,766.1810195332756
1998,766.1810195332756
1999,766.1810195332756
2000,766.1810195332756
2001,766.5824105692752
2002,770.6722382966553
2003,770.9661834231476
2004,774.2381197944281
2005,774.2381197944281
2006,775.5308949874999
2007,775.5308949874999
2008,778.4630179176562
2009,778.4630179176562
2010,778.4630179176562
2011,779.0094743353017
2012,781.088167664674
2013,781.781636847451
2014,782.6521061085604
2015,783.6200962634829
2016,783.6200962634829
2017,783.6200962634829
2018,783.6200962634829
2019,784.8973381176052
2020,784.8973381176052
2021,784.8973381176052
2022,784.8973381176052
2023,784.8973381176052
2024,784.8973381176052
2025,784.8973381176052
2026,784.8973381176052
2027,793.8132843703373
2028,796.2745779486788
2029,796.2745779486788
2030,796.2745779486788
2031,796.2745779486788
2032,796.2745779486788
2033,796.2745779486788
2034,796.2745779486788
2035,796.2745779486788
2036,796.2745779486788
2037,796.2745779486788
2038,796.2745779486788
2039,796.2745779486788
2040,796.2745779486788
2041,796.2745779486788
2042,796.2745779486788
2043,796.2745779486788
2044,802.116730691091
2045,802.116730691091
2046,802.116730691091
2047,802.116730691091
2048,802.116730691091
2049,808.2052221425637
2050,808.2052221425637
2051,808.4381459061439
2052,808.4381459061439
2053,808.4381459061439
2054,808.4381459061439
2055,808.4381459061439
2056,808.4381459061439
2057,808.4381459061439
2058,808.4381459061439
2059,808.4381459061439
2060,808.4381459061439
2061,808.4381459061439
2062,808.4381459061439
2063,808.4381459061439
2064,808.4381459061439
2065,808.4381459061439
2066,808.4381459061439
2067,808.4381459061439
2068,808.4381459061439
2069,808.4381459061439
2070,808.4381459061439
2071,808.4381459061439
2072,808.4381459061439
2073,808.4381459061439
2074,808.4381459061439
2075,808.4381459061439
2076,808.4381459061439
2077,808.4381459061439
2078,808.4381459061439
2079,808.4381459061439
2080,808.4381459061439
2081,808.4381459061439
2082,808.4381459061439
2083,808.4381459061439
2084,808.4381459061439
2085,808.4381459061439
2086,809.8343509104897
2087,811.8381542904854
2088,811.984675886969
2089,812.0993675991878
2090,812.4843840386693
2091,812.7478753094862
2092,812.7478753094862
2093,812.7478753094862
2094,812.7478753094862
2095,815.0118777459487
2096,815.0118777459487
2097,815.0118777459487
2098,815.0118777459487
2099,815.0118777459487
2100,815.0118777459487
2101,815.0118777459487
2102,815.0118777459487
2103,815.0118777459487
2104,815.0118777459487
2105,815.0118777459487
2106,815.0118777459487
2107,815.0118777459487
2108,815.0118777459487
2109,815.0118777459487
2110,815.0118777459487
2111,818.7269980416997
2112,819.7125208503857
2113,821.6806952539358
2114,859.0864018784047
2115,859.0864018784047
2116,859.0864018784047
2117,866.5534713161813
2118,866.5534713161813
2119,866.5534713161813
2120,866.5534713161813
2121,902.9549454020007
2122,903.2259219282208
2123,904.257568940139
2124,928.6042289402234
2125,993.0860224094422
2126,1017.421865484229
2127,1017.421865484229
2128,1017.421865484229
2129,1049.452230925236
2130,1049.452230925236
2131,1055.276961333573
2132,1059.4318707508846
2133,1060.3263892094856
2134,1069.7108532986372
2135,1070.3308295365268
2136,1070.8704827349418
2137,1070.8704827349418
2138,1070.8704827349418
2139,1071.3689049053144
2140,1071.6989971471394
2141,1071.6989971471394
2142,1073.5905933100041
2143,1073.5905933100041
2144,1073.5905933100041
2145,1073.5905933100041
2146,1073.5905933100041
2147,1073.5905933100041
2148,1074.0976115279723
2149,1074.34633044507
2150,1075.045944334682
2151,1075.1180921447262
2152,1075.1180921447262
2153,1075.1180921447262
2154,1075.2243436166416
2155,1075.2384297424383
2156,1075.2532157174705
2157,1076.231816269646
2158,1076.3606045008335
2159,1076.3606045008335
2160,1076.4785790989617
2161,1076.4785790989617
2162,1077.9926914477587
2163,1078.8501594209943
2164,1079.0913686750773
2165,1079.1429670813052
2166,1079.1429670813052
2167,1079.1429670813052
2168,1079.9051818410835
2169,1079.9051818410835
2170,1079.9051818410835
2171,1079.9051818410835
2172,1079.9051818410835
2173,1080.1757363115523
2174,1080.1757363115523
2175,1080.2036826884496
2176,1080.2036826884496
2177,1080.2036826884496
2178,1080.2036826884496
2179,1082.121700278363
2180,1082.59889516764
2181,1082.746198506992
2182,1082.7718498066251
2183,1083.742909609012
2184,1083.742909609012
2185,1083.742909609012
2186,1083.742909609012
2187,1083.8549434106028
2188,1083.8549434106028
2189,1083.8549434106028
2190,1083.8549434106028
2191,1083.8549434106028
2192,1083.8549434106028
2193,1083.8549434106028
2194,1083.9769677464626
2195,1083.9769677464626
2196,1083.9769677464626
2197,1083.9769677464626
2198,1083.9769677464626
2199,1083.9769677464626
2200,1083.9769677464626
2201,1085.8699089703764
2202,1085.9991406297995
2203,1086.0735473017266
2204,1086.594054469044
2205,1086.594054469044
2206,1086.594054469044
2207,1086.594054469044
2208,1086.594054469044
2209,1086.908184245246
2210,1086.908184245246
2211,1086.908184245246
2212,1087.1879303815042
2213,1088.1364689239338
2214,1088.2792895823009
2215,1088.5928136835414
2216,1089.2515104925733
2217,1091.3980130671143
2218,1091.3980130671143
2219,1091.3980130671143
2220,1092.464465830995
2221,1094.4593243702564
2222,1094.6853150380518
2223,1095.1257166290318
2224,1096.248043825258
2225,1096.248043825258
2226,1096.248043825258
2227,1099.400959730477
2228,1100.0630200888943
2229,1100.3295948643618
2230,1100.3295948643618
2231,1100.3295948643618
2232,1100.3295948643618
2233,1100.3295948643618
2234,1100.3295948643618
2235,1100.3295948643618
2236,1100.3295948643618
2237,1100.3295948643618
2238,1100.3295948643618
2239,1100.3295948643618
2240,1100.3295948643618
2241,1100.3295948643618
2242,1100.3295948643618
2243,1100.3295948643618
2244,1100.3295948643618
2245,1100.3295948643618
2246,1100.3295948643618
2247,1100.443558360213
2248,1100.443558360213
2249,1100.7589666762906
2250,1111.5334608541136
2251,1111.5334608541136
2252,1111.5334608541136
2253,1136.6626782736007
2254,1230.0823190623191
2255,1287.6075208965349
2256,1287.6075208965349
2257,1304.6785979899398
2258,1313.734873798523
2259,1313.734873798523
2260,1334.0328871541483
2261,1337.426062489344
2262,1356.7835691597186
2263,1358.0736597247057
2264,1358.0736597247057
2265,1358.0736597247057
2266,1358.0736597247057
2267,1359.6513717374999
2268,1361.897135618627
2269,1361.897135618627
2270,1361.897135618627
2271,1362.724183014764
2272,1364.8683406143878
2273,1364.8683406143878
2274,1364.8683406143878
2275,1364.8683406143878
2276,1364.8683406143878
2277,1364.8683406143878
2278,1365.0719570710662
2279,1365.4864545750856
2280,1365.4864545750856
2281,1366.3602624145178
2282,1367.0028278114728
2283,1367.133487715588
2284,1367.2831512013672
2285,1368.3098428181756
2286,1368.4103669262797
2287,1370.6215670908443
2288,1370.6215670908443
2289,1370.6215670908443
2290,1370.6215670908443
2291,1370.6215670908443
2292,1370.6215670908443
2293,1370.6215670908443
2294,1370.6215670908443
2295,1370.6215670908443
2296,1370.6215670908443
2297,1370.6215670908443
2298,1370.6215670908443
2299,1370.6215670908443
2300,1370.6215670908443
2301,1370.6215670908443
2302,1370.6215670908443
2303,1370.6215670908443
2304,1370.6215670908443
2305,1370.6215670908443
2306,1370.6215670908443
2307,1370.6215670908443
2308,1370.6215670908443
2309,1370.6215670908443
2310,1370.6215670908443
2311,1370.6215670908443
2312,1370.6215670908443
2313,1370.6215670908443
2314,1370.6215670908443
2315,1370.6215670908443
2316,1370.6215670908443
2317,1370.6215670908443
2318,1370.6215670908443
2319,1370.6215670908443
2320,1370.6215670908443
2321,1370.6215670908443
2322,1370.6215670908443
2323,1370.6215670908443
2324,1370.6215670908443
2325,1370.6215670908443
2326,1370.6215670908443
2327,1370.6215670908443
2328,1370.6215670908443
2329,1370.6215670908443
2330,1370.6215670908443
2331,1370.6215670908443
2332,1370.6215670908443
2333,1370.6215670908443
2334,1370.6215670908443
2335,1370.6215670908443
2336,1370.6215670908443
2337,1370.6215670908443
2338,1370.6215670908443
2339,1370.6215670908443
2340,1370.6215670908443
2341,1370.6215670908443
2342,1370.7494104957145
2343,1370.7494104957145
2344,1371.826137001339
2345,1371.826137001339
2346,1371.826137001339
2347,1371.826137001339
2348,1389.0779556565842
2349,1389.0779556565842
2350,1389.0779556565842
2351,1389.0779556565842
2352,1389.0779556565842
2353,1414.4289662563556
2354,1414.4289662563556
2355,1438.936627070491
2356,1507.2400959512836
2357,1585.7556390397592
2358,1585.7556390397592
2359,1585.7556390397592
2360,1585.7556390397592
2361,1585.7556390397592
2362,1585.7556390397592
2363,1585.7556390397592
2364,1585.7556390397592
2365,1585.7556390397592
2366,1587.1303008610223
2367,1600.3599487516403
2368,1624.936653198313
2369,1641.3280750336078
2370,1641.3280750336078
2371,1641.3280750336078
2372,1645.2049501533477
2373,1647.6298798164837
2374,1649.7482778729366
2375,1653.7755560260803
2376,1653.7755560260803
2377,1653.7755560260803
2378,1653.7755560260803
2379,1660.2105691944544
2380,1660.2105691944544
2381,1660.2105691944544
2382,1660.2105691944544
2383,1660.2105691944544
2384,1660.2105691944544
2385,1660.2105691944544
2386,1660.2105691944544
2387,1660.2105691944544
2388,1660.2105691944544
2389,1660.2105691944544
2390,1660.2105691944544
2391,1660.2105691944544
2392,1660.2105691944544
2393,1660.2105691944544
2394,1660.2105691944544
2395,1706.373853584365
2396,1706.7839366829546
2397,1709.6295490926848
2398,1709.6295490926848
2399,1768.4215448776397
2400,1818.0121717356508
2401,2182.3525432440065
2402,2182.3525432440065
2403,2182.3525432440065
2404,2182.3525432440065
2405,2182.3525432440065
2406,2230.820708147406
2407,2298.1736220660373
2408,2298.591997173584
2409,2302.61388151046
2410,2340.2401812534617
2411,2345.9367179272253
2412,2379.7795710582354
2413,2401.7070291749283
2414,2401.7070291749283
2415,2401.7070291749283
2416,2403.721099645915
2417,2403.721099645915
2418,2403.721099645915
2419,2403.721099645915
2420,2403.721099645915
2421,2406.611056154599
2422,2406.611056154599
2423,2406.611056154599
2424,2406.611056154599
2425,2406.611056154599
2426,2406.611056154599
2427,2414.272058044791
2428,2435.634437685286
2429,2485.388720155894
2430,2574.3708936886987
2431,2575.0508109253424
2432,2827.340128707741
2433,2828.9875842046486
2434,2886.8235493232073
2435,2886.8235493232073
2436,2886.8235493232073
2437,2886.8235493232073
2438,2886.8235493232073
2439,2886.8235493232073
2440,2886.8235493232073
2441,2886.8235493232073
2442,2959.966735519229
2443,2959.966735519229
2444,2965.190775593988
2445,3108.763070524671
2446,3181.630977236007
2447,3223.544896762871
2448,3223.544896762871
2449,3223.544896762871
2450,3223.544896762871
2451,3223.544896762871
2452,3223.544896762871
2453,3223.544896762871
2454,3299.3157456416825
2455,3345.15297304463
2456,3376.5200049356795
2457,3395.1094797616847
2458,3435.8616174299978
2459,3452.239933700122
2460,3461.586270967018
2461,3461.588676823501
2462,3593.026058976168
2463,3593.026058976168
2464,3632.173932368242
2465,3632.173932368242
2466,3632.173932368242
2467,3632.173932368242
2468,3638.163460538158
2469,3666.3267159333404
2470,3683.7270235634064
2471,3683.937221437912
2472,3684.479902968527
2473,3686.261730755139
2474,3686.261730755139
2475,3692.1047129720955
2476,3692.9504385309697
2477,3701.0565978838076
2478,3703.8725411299984
2479,3703.8725411299984
2480,3710.1434822942265
2481,3782.327243660345
2482,3782.327243660345
2483,3843.135888300017
2484,3855.416584186652
2485,3855.6232095846844
2486,3855.6232095846844
2487,3856.055075818257
2488,3856.055075818257
2489,3872.1782264925628
2490,3872.1782264925628
2491,3872.1782264925628
2492,3876.905556390389
2493,3876.905556390389
2494,3880.3863088218254
2495,3880.8928512539205
2496,3996.920802110706
2497,3996.920802110706
2498,4079.1004378918756
2499,4167.064474771278
2500,4168.514773348488
2501,4168.514773348488
2502,4168.514773348488
2503,4168.767516943883
2504,4168.767516943883
2505,4168.767516943883
2506,4168.767516943883
2507,4168.767516943883
2508,4169.050130324403
2509,4169.050130324403
2510,4169.469981715885
2511,4169.796366784455
2512,4170.668046458168
2513,4171.234504789159
2514,4172.127674613957
2515,4172.26612172346
2516,4172.566691076521
2517,4173.723922254874
2518,4173.723922254874
2519,4173.723922254874
2520,4173.723922254874
2521,4173.723922254874
2522,4174.055762030976
2523,4174.055762030976
2524,4174.079252432264
2525,4174.9023001714595
2526,4176.501297023896
2527,4176.501297023896
2528,4180.475351860158
2529,4182.495363349478
2530,4192.179989599816
2531,4192.179989599816
2532,4192.179989599816
2533,4192.179989599816
2534,4192.179989599816
2535,4192.179989599816
2536,4192.179989599816
2537,4192.179989599816
2538,4192.179989599816
2539,4192.179989599816
2540,4192.179989599816
2541,4192.179989599816
2542,4192.179989599816
2543,4192.179989599816
2544,4192.179989599816
2545,4192.179989599816
2546,4192.179989599816
2547,4192.179989599816
2548,4192.179989599816
2549,4192.179989599816
2550,4192.179989599816
2551,4192.179989599816
2552,4192.179989599816
2553,4192.179989599816
2554,4192.179989599816
2555,4192.179989599816
2556,4192.179989599816
2557,4192.179989599816
2558,4192.179989599816
2559,4192.179989599816
2560,4192.179989599816
2561,4192.179989599816
2562,4192.179989599816
2563,4192.179989599816
2564,4192.179989599816
2565,4192.179989599816
2566,4192.179989599816
2567,4192.179989599816
2568,4192.179989599816
2569,4192.179989599816
2570,4192.179989599816
2571,4192.179989599816
2572,4192.179989599816
2573,4192.179989599816
2574,4192.179989599816
2575,4192.179989599816
2576,4192.179989599816
2577,4192.179989599816
2578,4192.179989599816
2579,4192.179989599816
2580,4192.179989599816
2581,4192.179989599816
2582,4192.179989599816
2583,4192.179989599816
2584,4192.179989599816
2585,4192.179989599816
2586,4192.179989599816
2587,4192.179989599816
2588,4192.179989599816
2589,4192.179989599816
2590,4192.179989599816
2591,4192.179989599816
2592,4192.179989599816
2593,4192.179989599816
2594,4192.179989599816
2595,4192.179989599816
2596,4192.179989599816
2597,4192.179989599816
2598,4192.179989599816
2599,4192.179989599816
2600,4206.899855916485
2601,4217.847353558146
2602,4217.847353558146
2603,4217.847353558146
2604,4217.847353558146
2605,4235.054899041429
2606,4235.054899041429
2607,4239.658406573013
2608,4247.530344679146
2609,4256.160140363358
2610,4279.480872997411
2611,4279.480872997411
2612,4298.964343846852
2613,4319.107655721127
2614,4401.782137332297
2615,4520.407365964398
2616,5024.030764830887
2617,5031.2561250564295
2618,5113.371613912974
2619,5435.298419237303
2620,5435.333542198414
2621,5435.333542198414
2622,5435.333542198414
2623,5443.570907555183
2624,5443.682871478369
2625,5443.682871478369
2626,5446.539320734674
2627,5448.176434877883
2628,5451.224609065432
2629,5772.092478763621
2630,5772.092478763621
2631,6324.568533063511
2632,6324.568533063511
2633,6341.233295137342
2634,6462.362751809509
2635,6462.362751809509
2636,6462.362751809509
2637,6480.866955471775
2638,6892.890617771928
2639,6908.810989457157
2640,6908.810989457157
2641,6908.810989457157
2642,6913.794204811175
2643,6935.233342399371
2644,6998.487494500826
2645,7120.260554595215
2646,7128.648408389799
2647,7136.066160041273
2648,7136.438037272863
2649,7137.23979819018
2650,7137.23979819018
2651,7137.96969697406
2652,7139.218884313884
2653,7140.849216790305
2654,7227.085431169835
2655,7297.593637543383
2656,7300.454619849831
2657,7301.130543536865
2658,7301.377989239045
2659,7303.891093572597
2660,7304.517509905813
2661,7306.6998931972485
2662,7307.393829675725
2663,7308.277021344375
2664,7308.701131515167
2665,7310.240449970562
2666,7310.444241824846
2667,7313.967638143675
2668,7318.218459034419
2669,7318.218459034419
2670,7318.218459034419
2671,7318.218459034419
2672,7318.218459034419
2673,7318.218459034419
2674,7318.218459034419
2675,7318.218459034419
2676,7318.218459034419
2677,7318.218459034419
2678,7318.218459034419
2679,7318.218459034419
2680,7318.218459034419
2681,7318.218459034419
2682,7318.218459034419
2683,7318.218459034419
2684,7318.218459034419
2685,7318.218459034419
2686,7318.218459034419
2687,7318.218459034419
2688,7318.218459034419
2689,7318.218459034419
2690,7318.218459034419
2691,7318.218459034419
2692,7318.218459034419
2693,7318.218459034419
2694,7318.218459034419
2695,7318.218459034419
2696,7318.218459034419
2697,7318.218459034419
2698,7318.218459034419
2699,7318.218459034419
2700,7318.218459034419
2701,7318.218459034419
2702,7318.218459034419
2703,7318.218459034419
2704,7318.218459034419
2705,7318.218459034419
2706,7318.218459034419
2707,7318.218459034419
2708,7318.218459034419
2709,7318.218459034419
2710,7318.218459034419
2711,7318.218459034419
2712,7318.218459034419
2713,7318.218459034419
2714,7318.218459034419
2715,7318.218459034419
2716,7318.218459034419
2717,7318.218459034419
2718,7318.218459034419
2719,7318.218459034419
2720,7318.218459034419
2721,7318.218459034419
2722,7318.218459034419
2723,7318.218459034419
2724,7318.218459034419
2725,7318.218459034419
2726,7318.218459034419
2727,7318.218459034419
2728,7318.218459034419
2729,7327.341243861708
2730,7327.341243861708
2731,7327.341243861708
2732,7327.341243861708
2733,7327.341243861708
2734,7327.341243861708
2735,7327.341243861708
2736,7327.341243861708
2737,7327.341243861708
2738,7327.341243861708
2739,7327.341243861708
2740,7327.341243861708
2741,7327.341243861708
2742,7327.341243861708
2743,7327.341243861708
2744,7327.341243861708
2745,7327.341243861708
2746,7327.341243861708
2747,7327.341243861708
2748,7327.341243861708
2749,7327.341243861708
2750,7327.341243861708
2751,7327.341243861708
2752,7327.341243861708
2753,7327.341243861708
2754,7327.341243861708
2755,7327.341243861708
2756,7327.341243861708
2757,7327.341243861708
2758,7327.341243861708
2759,7327.341243861708
2760,7327.341243861708
2761,7327.341243861708
2762,7327.341243861708
2763,7327.341243861708
2764,7327.341243861708
2765,7327.341243861708
2766,7327.341243861708
2767,7327.341243861708
2768,7327.341243861708
2769,7327.341243861708
2770,7327.341243861708
2771,7360.425051693152
2772,7360.425051693152
2773,7446.131907578822
2774,7450.651360234552
2775,7484.171978150814
2776,7489.013617440585
2777,7490.526157583427
2778,7490.597035748772
2779,7490.599059460656
2780,7490.599059460656
2781,7490.599059460656
2782,7490.605203962998
2783,7492.769679935547
2784,7510.33010362954
2785,7510.33010362954
2786,7530.42512748633
2787,7530.42512748633
2788,7573.353981507373
2789,7576.353380179508
2790,7576.353380179508
2791,7577.679351902723
2792,7589.83563608998
2793,7599.755504929225
2794,7602.181889750097
2795,7602.999836387079
2796,7649.468348099626
2797,7650.309897096693
2798,7650.309897096693
2799,7654.393429521382
2800,7672.250185164271
2801,7680.275176837711
2802,7687.742349475268
2803,7688.037004939463
2804,7703.7904984962815
2805,7705.285971267856
2806,7705.285971267856
2807,7708.740238291689
2808,7708.740238291689
2809,7708.740238291689
2810,7708.740238291689
2811,7737.0504693631
2812,7739.8763633423205
2813,7739.8763633423205
2814,7739.8763633423205
2815,7739.8763633423205
2816,7739.8763633423205
2817,7766.1810194750415
2818,7823.927608577368
2819,7861.222386808803
2820,7883.30597703323
2821,7883.602558917306
2822,7883.602558917306
2823,7949.10805268054
2824,7949.10805268054
2825,7980.593646539345
2826,7984.744335405835
2827,7986.247040623002
2828,7986.247040623002
2829,7986.247040623002
2830,7986.247040623002
2831,7993.980578425376
2832,7996.7593800131335
2833,7996.8871175595095
2834,7996.916172311262
2835,8000.293515240525
2836,8000.293515240525
2837,8000.293515240525
2838,8000.293515240525
2839,8000.293515240525
2840,8002.487699755244
2841,8040.113360022632
2842,8094.5081603623075
2843,8157.111009090842
2844,8174.476212361751
2845,8174.476212361751
2846,8174.476212361751
2847,8174.476212361751
2848,8175.669817888624
2849,8175.669817888624
2850,8191.852207983067
2851,8251.103549522632
2852,8257.449202613387
2853,8294.906929314799
2854,8294.906929314799
2855,8306.434781358292
2856,8357.913616726439
2857,8357.913616726439
2858,8357.913616726439
2859,8357.913616726439
2860,8357.913616726439
2861,8357.913616726439
2862,8362.214823676983
2863,8364.750137233466
2864,8368.027291240462
2865,8403.671932783762
2866,8403.671932783762
2867,8960.613334347596
2868,8960.613334347596
2869,9386.324402158067
